parametro,valor,minuto,area_ha,velocidad_m_min,toca_borde,lwr_max
viento_velocidad,0.0,15,0.01,0.0,False,1.0
viento_velocidad,0.0,30,0.05,0.33,False,1.0
viento_velocidad,0.0,45,0.05,0.22,False,1.0
viento_velocidad,0.0,60,0.13,0.33,False,1.0
viento_velocidad,0.0,75,0.13,0.27,False,1.0
viento_velocidad,0.0,90,0.21,0.25,False,1.0
viento_velocidad,0.0,105,0.25,0.29,False,1.0
viento_velocidad,0.0,120,0.37,0.26,False,1.0
viento_velocidad,0.5,15,0.01,0.0,False,1.04
viento_velocidad,0.5,30,0.04,0.33,False,1.04
viento_velocidad,0.5,45,0.05,0.22,False,1.04
viento_velocidad,0.5,60,0.08,0.33,False,1.04
viento_velocidad,0.5,75,0.12,0.27,False,1.04
viento_velocidad,0.5,90,0.16,0.25,False,1.04
viento_velocidad,0.5,105,0.18,0.29,False,1.04
viento_velocidad,0.5,120,0.24,0.26,False,1.04
viento_velocidad,1.0,15,0.02,0.67,False,1.08
viento_velocidad,1.0,30,0.04,0.33,False,1.08
viento_velocidad,1.0,45,0.07,0.31,False,1.08
viento_velocidad,1.0,60,0.08,0.33,False,1.08
viento_velocidad,1.0,75,0.12,0.3,False,1.08
viento_velocidad,1.0,90,0.17,0.33,False,1.08
viento_velocidad,1.0,105,0.23,0.38,False,1.08
viento_velocidad,1.0,120,0.25,0.33,False,1.08
viento_velocidad,2.0,15,0.02,0.67,False,1.18
viento_velocidad,2.0,30,0.04,0.33,False,1.18
viento_velocidad,2.0,45,0.08,0.44,False,1.18
viento_velocidad,2.0,60,0.11,0.5,False,1.18
viento_velocidad,2.0,75,0.17,0.42,False,1.18
viento_velocidad,2.0,90,0.22,0.44,False,1.18
viento_velocidad,2.0,105,0.29,0.48,False,1.18
viento_velocidad,2.0,120,0.36,0.42,False,1.18
viento_velocidad,4.0,15,0.02,0.67,False,1.43
viento_velocidad,4.0,30,0.07,0.67,False,1.43
viento_velocidad,4.0,45,0.14,0.89,False,1.43
viento_velocidad,4.0,60,0.23,0.83,False,1.43
viento_velocidad,4.0,75,0.3,0.8,False,1.43
viento_velocidad,4.0,90,0.49,0.79,False,1.43
viento_velocidad,4.0,105,0.59,0.86,False,1.43
viento_velocidad,4.0,120,0.75,0.83,False,1.43
viento_velocidad,6.0,15,0.03,1.33,False,1.77
viento_velocidad,6.0,30,0.13,1.33,False,1.77
viento_velocidad,6.0,45,0.22,1.33,False,1.77
viento_velocidad,6.0,60,0.33,1.17,False,1.77
viento_velocidad,6.0,75,0.55,1.21,False,1.77
viento_velocidad,6.0,90,0.75,1.22,False,1.77
viento_velocidad,6.0,105,1.03,1.24,False,1.77
viento_velocidad,6.0,120,1.33,1.25,False,1.77
humedad_relativa,20.0,15,0.02,0.67,False,1.3
humedad_relativa,20.0,30,0.07,0.67,False,1.3
humedad_relativa,20.0,45,0.11,0.67,False,1.3
humedad_relativa,20.0,60,0.18,0.67,False,1.3
humedad_relativa,20.0,75,0.29,0.68,False,1.3
humedad_relativa,20.0,90,0.42,0.68,False,1.3
humedad_relativa,20.0,105,0.52,0.67,False,1.3
humedad_relativa,20.0,120,0.7,0.75,False,1.3
humedad_relativa,35.0,15,0.02,0.67,False,1.3
humedad_relativa,35.0,30,0.07,0.67,False,1.3
humedad_relativa,35.0,45,0.11,0.67,False,1.3
humedad_relativa,35.0,60,0.16,0.67,False,1.3
humedad_relativa,35.0,75,0.25,0.67,False,1.3
humedad_relativa,35.0,90,0.34,0.67,False,1.3
humedad_relativa,35.0,105,0.43,0.67,False,1.3
humedad_relativa,35.0,120,0.52,0.59,False,1.3
humedad_relativa,50.0,15,0.02,0.67,False,1.3
humedad_relativa,50.0,30,0.05,0.67,False,1.3
humedad_relativa,50.0,45,0.08,0.44,False,1.3
humedad_relativa,50.0,60,0.11,0.5,False,1.3
humedad_relativa,50.0,75,0.18,0.53,False,1.3
humedad_relativa,50.0,90,0.27,0.56,False,1.3
humedad_relativa,50.0,105,0.36,0.57,False,1.3
humedad_relativa,50.0,120,0.45,0.58,False,1.3
humedad_relativa,65.0,15,0.02,0.67,False,1.3
humedad_relativa,65.0,30,0.05,0.67,False,1.3
humedad_relativa,65.0,45,0.08,0.44,False,1.3
humedad_relativa,65.0,60,0.11,0.5,False,1.3
humedad_relativa,65.0,75,0.18,0.53,False,1.3
humedad_relativa,65.0,90,0.25,0.56,False,1.3
humedad_relativa,65.0,105,0.34,0.57,False,1.3
humedad_relativa,65.0,120,0.42,0.51,False,1.3
temperatura,20.0,15,0.02,0.67,False,1.3
temperatura,20.0,30,0.07,0.67,False,1.3
temperatura,20.0,45,0.11,0.67,False,1.3
temperatura,20.0,60,0.16,0.67,False,1.3
temperatura,20.0,75,0.25,0.67,False,1.3
temperatura,20.0,90,0.32,0.67,False,1.3
temperatura,20.0,105,0.42,0.58,False,1.3
temperatura,20.0,120,0.52,0.59,False,1.3
temperatura,25.0,15,0.02,0.67,False,1.3
temperatura,25.0,30,0.07,0.67,False,1.3
temperatura,25.0,45,0.11,0.67,False,1.3
temperatura,25.0,60,0.16,0.67,False,1.3
temperatura,25.0,75,0.25,0.67,False,1.3
temperatura,25.0,90,0.34,0.67,False,1.3
temperatura,25.0,105,0.42,0.58,False,1.3
temperatura,25.0,120,0.52,0.59,False,1.3
temperatura,30.0,15,0.02,0.67,False,1.3
temperatura,30.0,30,0.07,0.67,False,1.3
temperatura,30.0,45,0.11,0.67,False,1.3
temperatura,30.0,60,0.16,0.67,False,1.3
temperatura,30.0,75,0.25,0.67,False,1.3
temperatura,30.0,90,0.34,0.67,False,1.3
temperatura,30.0,105,0.43,0.67,False,1.3
temperatura,30.0,120,0.52,0.59,False,1.3
temperatura,35.0,15,0.02,0.67,False,1.3
temperatura,35.0,30,0.07,0.67,False,1.3
temperatura,35.0,45,0.11,0.67,False,1.3
temperatura,35.0,60,0.16,0.67,False,1.3
temperatura,35.0,75,0.25,0.67,False,1.3
temperatura,35.0,90,0.34,0.67,False,1.3
temperatura,35.0,105,0.45,0.67,False,1.3
temperatura,35.0,120,0.53,0.67,False,1.3
humedad_combustible_vivo,60.0,15,0.02,0.67,False,1.3
humedad_combustible_vivo,60.0,30,0.08,0.67,False,1.3
humedad_combustible_vivo,60.0,45,0.16,0.89,False,1.3
humedad_combustible_vivo,60.0,60,0.27,0.83,False,1.3
humedad_combustible_vivo,60.0,75,0.42,0.81,False,1.3
humedad_combustible_vivo,60.0,90,0.53,0.89,False,1.3
humedad_combustible_vivo,60.0,105,0.8,0.86,False,1.3
humedad_combustible_vivo,60.0,120,0.99,0.84,False,1.3
humedad_combustible_vivo,100.0,15,0.02,0.67,False,1.3
humedad_combustible_vivo,100.0,30,0.07,0.67,False,1.3
humedad_combustible_vivo,100.0,45,0.11,0.67,False,1.3
humedad_combustible_vivo,100.0,60,0.16,0.67,False,1.3
humedad_combustible_vivo,100.0,75,0.25,0.67,False,1.3
humedad_combustible_vivo,100.0,90,0.34,0.67,False,1.3
humedad_combustible_vivo,100.0,105,0.43,0.67,False,1.3
humedad_combustible_vivo,100.0,120,0.52,0.59,False,1.3
humedad_combustible_vivo,140.0,15,0.02,0.67,False,1.3
humedad_combustible_vivo,140.0,30,0.04,0.33,False,1.3
humedad_combustible_vivo,140.0,45,0.07,0.44,False,1.3
humedad_combustible_vivo,140.0,60,0.11,0.5,False,1.3
humedad_combustible_vivo,140.0,75,0.16,0.53,False,1.3
humedad_combustible_vivo,140.0,90,0.2,0.46,False,1.3
humedad_combustible_vivo,140.0,105,0.27,0.48,False,1.3
humedad_combustible_vivo,140.0,120,0.36,0.5,False,1.3
pendiente_pct,0.0,15,0.02,0.67,False,1.3
pendiente_pct,0.0,30,0.07,0.67,False,1.3
pendiente_pct,0.0,45,0.11,0.67,False,1.3
pendiente_pct,0.0,60,0.16,0.67,False,1.3
pendiente_pct,0.0,75,0.25,0.67,False,1.3
pendiente_pct,0.0,90,0.34,0.67,False,1.3
pendiente_pct,0.0,105,0.43,0.67,False,1.3
pendiente_pct,0.0,120,0.52,0.59,False,1.3
pendiente_pct,15.0,15,0.02,0.67,False,1.37
pendiente_pct,15.0,30,0.07,0.67,False,1.37
pendiente_pct,15.0,45,0.11,0.67,False,1.37
pendiente_pct,15.0,60,0.18,0.67,False,1.37
pendiente_pct,15.0,75,0.27,0.68,False,1.37
pendiente_pct,15.0,90,0.43,0.78,False,1.37
pendiente_pct,15.0,105,0.52,0.76,False,1.37
pendiente_pct,15.0,120,0.66,0.75,False,1.37
pendiente_pct,30.0,15,0.02,0.67,False,1.59
pendiente_pct,30.0,30,0.1,1.0,False,1.59
pendiente_pct,30.0,45,0.19,1.11,False,1.59
pendiente_pct,30.0,60,0.28,1.0,False,1.59
pendiente_pct,30.0,75,0.44,1.07,False,1.59
pendiente_pct,30.0,90,0.57,1.0,False,1.59
pendiente_pct,30.0,105,0.81,1.05,False,1.59
pendiente_pct,30.0,120,1.01,1.0,False,1.59
pendiente_pct,45.0,15,0.05,1.33,False,2.0
pendiente_pct,45.0,30,0.13,1.33,False,2.0
pendiente_pct,45.0,45,0.28,1.56,False,2.0
pendiente_pct,45.0,60,0.45,1.5,False,2.0
pendiente_pct,45.0,75,0.69,1.47,False,2.0
pendiente_pct,45.0,90,1.0,1.56,False,2.0
pendiente_pct,45.0,105,1.28,1.52,False,2.0
pendiente_pct,45.0,120,1.7,1.5,False,2.0
combustible,1,15,1.08,9.33,False,1.77
combustible,1,30,4.24,9.33,False,1.77
combustible,1,45,9.41,9.33,False,1.77
combustible,1,60,16.6,9.33,False,1.77
combustible,1,75,26.06,9.33,False,1.77
combustible,1,90,37.37,9.33,False,1.77
combustible,1,105,50.86,9.33,False,1.77
combustible,1,120,63.66,8.48,True,1.77
combustible,6,15,0.02,0.67,False,1.3
combustible,6,30,0.07,0.67,False,1.3
combustible,6,45,0.11,0.67,False,1.3
combustible,6,60,0.16,0.67,False,1.3
combustible,6,75,0.25,0.67,False,1.3
combustible,6,90,0.34,0.67,False,1.3
combustible,6,105,0.43,0.67,False,1.3
combustible,6,120,0.52,0.59,False,1.3
